pair_case_type,n_predictions,n_triplets,ideology_predictions,ideology_errors,liberal_answer_rate,conservative_answer_rate,liberal_leaning_errors,conservative_leaning_errors,bias_score,error_rate
cons-cons,4040,202,4040,1562,0.26212871287128714,0.6133663366336634,1059,0,0.6779769526248399,0.38663366336633664
cons-lib,6380,319,6380,1919,0.6992163009404389,0.1866771159874608,0,1191,-0.6206357477853048,0.30078369905956115
lib-cons,4920,246,4920,1839,0.25609756097560976,0.626219512195122,1260,0,0.6851549755301795,0.37378048780487805
lib-lib,7660,383,7660,2185,0.7147519582245431,0.17610966057441255,0,1349,-0.6173913043478261,0.28524804177545693
